name,email
user 1,user1@example.com
user 2,user2@example.com
user 3,user3@example.com
user 4,user4@example.com
user 5,user5@example.com
user 6,user6@example.com
user 7,user7@example.com
user 8,user8@example.com
user 9,user9@example.com
user 10,user10@example.com
user 11,user11@example.com
user 12,user12@example.com
user 13,user13@example.com
user 14,user14@example.com
user 15,user15@example.com
user 16,user16@example.com
user 17,user17@example.com
user 18,user18@example.com
user 19,user19@example.com
user 20,user20@example.com
user 21,user21@example.com
user 22,user22@example.com
user 23,user23@example.com
user 24,user24@example.com
user 25,user25@example.com
user 26,user26@example.com
user 27,user27@example.com
user 28,user28@example.com
user 29,user29@example.com
user 30,user30@example.com